naeemahmed@gmail.com,naeemgg,"Mohammed Naeem",passpass,on
mymyemail@mail.com,mymyuser,mymyname,123,on
adaw@da.gd,adwdf,asdqw,qwerty,on
thyrgr@dfef.dfgd,efegtgth,awdwdefgrg,1235,on
sadugy@dhuyas.dsoadj,nasdhqwgd,mainamia,789,on
naikjdh@djsaghd.sad,hiaufghege,widhawiudg,546,on
emailis@mail.com,useris,nameis,poke,on
andiu@dsgay.sadih,jaja,yoyo,789,on
asguya@dvbgahj.soan,useruser,namename,789,on
nakjdhw@dhjsagdu.coiqj,ugduawgduy,dwaudgh,798,on
agsdhjg@ashjd.cson,wdawdadsad,wdwggr,654,on
4awd4w56ad4@dhag.dash,"uhdfuie ",awdghuw,97511,on
awdhj@djash.dawo,eafaewf,aefawef,1,Male,56444132
123@dja.dsah,dawdawd,dawdawd,123,Male,145646
naskdjh@dahj.cow,jahgdhga,adghsga,123,Male,79845612
thisisnewmail@gmail.com,"this is new user","thisis new name",thisispass,Male,132456879
bawhd@gdhea.adg,dawdawdawawr,dwawd,123,Male,1564
bhavesh@gmail.com,bhabhavesh,bhavessh,pass,Male,1234567890
bhaves@gmail.com,bhabhabhavesh,"bhavesh bhavesh",newpass,Male,123456780
